<?xml version="1.0" encoding="UTF-8"?>
<!DOCTYPE mapper PUBLIC "-//mybatis.org//DTD Mapper 3.0//EN" "http://mybatis.org/dtd/mybatis-3-mapper.dtd">
<mapper namespace="com.springboot.forum.dao.ClientMapper">
  <resultMap id="BaseResultMap" type="com.springboot.forum.entity.Client">
    <!--
      WARNING - @mbg.generated
      This element is automatically generated by MyBatis Generator, do not modify.
      This element was generated on Thu Sep 24 17:23:48 CST 2020.
    -->
    <id column="clientid" jdbcType="INTEGER" property="clientid" />
    <result column="clientname" jdbcType="VARCHAR" property="clientname" />
    <result column="clientpwd" jdbcType="VARCHAR" property="clientpwd" />
    <result column="clientemail" jdbcType="VARCHAR" property="clientemail" />
    <result column="clientright" jdbcType="VARCHAR" property="clientright" />
    <result column="logintime" jdbcType="VARCHAR" property="logintime" />
    <result column="logintime" jdbcType="VARCHAR" property="logintime" />
  </resultMap>
  <sql id="Example_Where_Clause">
    <!--
      WARNING - @mbg.generated
      This element is automatically generated by MyBatis Generator, do not modify.
      This element was generated on Thu Sep 24 17:23:48 CST 2020.
    -->
    <where>
      <foreach collection="oredCriteria" item="criteria" separator="or">
        <if test="criteria.valid">
          <trim prefix="(" prefixOverrides="and" suffix=")">
            <foreach collection="criteria.criteria" item="criterion">
              <choose>
                <when test="criterion.noValue">
                  and ${criterion.condition}
                </when>
                <when test="criterion.singleValue">
                  and ${criterion.condition} #{criterion.value}
                </when>
                <when test="criterion.betweenValue">
                  and ${criterion.condition} #{criterion.value} and #{criterion.secondValue}
                </when>
                <when test="criterion.listValue">
                  and ${criterion.condition}
                  <foreach close=")" collection="criterion.value" item="listItem" open="(" separator=",">
                    #{listItem}
                  </foreach>
                </when>
              </choose>
            </foreach>
          </trim>
        </if>
      </foreach>
    </where>
  </sql>
  <sql id="Update_By_Example_Where_Clause">
    <!--
      WARNING - @mbg.generated
      This element is automatically generated by MyBatis Generator, do not modify.
      This element was generated on Thu Sep 24 17:23:48 CST 2020.
    -->
    <where>
      <foreach collection="example.oredCriteria" item="criteria" separator="or">
        <if test="criteria.valid">
          <trim prefix="(" prefixOverrides="and" suffix=")">
            <foreach collection="criteria.criteria" item="criterion">
              <choose>
                <when test="criterion.noValue">
                  and ${criterion.condition}
                </when>
                <when test="criterion.singleValue">
                  and ${criterion.condition} #{criterion.value}
                </when>
                <when test="criterion.betweenValue">
                  and ${criterion.condition} #{criterion.value} and #{criterion.secondValue}
                </when>
                <when test="criterion.listValue">
                  and ${criterion.condition}
                  <foreach close=")" collection="criterion.value" item="listItem" open="(" separator=",">
                    #{listItem}
                  </foreach>
                </when>
              </choose>
            </foreach>
          </trim>
        </if>
      </foreach>
    </where>
  </sql>
  <sql id="Base_Column_List">
    <!--
      WARNING - @mbg.generated
      This element is automatically generated by MyBatis Generator, do not modify.
      This element was generated on Thu Sep 24 17:23:48 CST 2020.
    -->
    clientid, clientname, clientpwd, clientemail, clientright, logintime
  </sql>
  <select id="selectByExample" parameterType="com.springboot.forum.entity.ClientExample" resultMap="BaseResultMap">
    <!--
      WARNING - @mbg.generated
      This element is automatically generated by MyBatis Generator, do not modify.
      This element was generated on Thu Sep 24 17:23:48 CST 2020.
    -->
    select
    <if test="distinct">
      distinct
    </if>
    <include refid="Base_Column_List" />
    from client
    <if test="_parameter != null">
      <include refid="Example_Where_Clause" />
    </if>
    <if test="orderByClause != null">
      order by ${orderByClause}
    </if>
  </select>
  <select id="selectByPrimaryKey" parameterType="java.lang.Integer" resultMap="BaseResultMap">
    <!--
      WARNING - @mbg.generated
      This element is automatically generated by MyBatis Generator, do not modify.
      This element was generated on Thu Sep 24 17:23:48 CST 2020.
    -->
    select 
    <include refid="Base_Column_List" />
    from client
    where clientid = #{clientid,jdbcType=INTEGER}
  </select>
  <delete id="deleteByPrimaryKey" parameterType="java.lang.Integer">
    <!--
      WARNING - @mbg.generated
      This element is automatically generated by MyBatis Generator, do not modify.
      This element was generated on Thu Sep 24 17:23:48 CST 2020.
    -->
    delete from client
    where clientid = #{clientid,jdbcType=INTEGER}
  </delete>
  <delete id="deleteByExample" parameterType="com.springboot.forum.entity.ClientExample">
    <!--
      WARNING - @mbg.generated
      This element is automatically generated by MyBatis Generator, do not modify.
      This element was generated on Thu Sep 24 17:23:48 CST 2020.
    -->
    delete from client
    <if test="_parameter != null">
      <include refid="Example_Where_Clause" />
    </if>
  </delete>
  <insert id="insert" parameterType="com.springboot.forum.entity.Client">
    <!--
      WARNING - @mbg.generated
      This element is automatically generated by MyBatis Generator, do not modify.
      This element was generated on Thu Sep 24 17:23:48 CST 2020.
    -->
    insert into client (clientid, clientname, clientpwd, 
      clientemail, clientright, logintime
      )
    values (#{clientid,jdbcType=INTEGER}, #{clientname,jdbcType=VARCHAR}, #{clientpwd,jdbcType=VARCHAR}, 
      #{clientemail,jdbcType=VARCHAR}, #{clientright,jdbcType=VARCHAR}, #{logintime,jdbcType=VARCHAR}
      )
  </insert>
  <insert id="insertSelective" parameterType="com.springboot.forum.entity.Client">
    <!--
      WARNING - @mbg.generated
      This element is automatically generated by MyBatis Generator, do not modify.
      This element was generated on Thu Sep 24 17:23:48 CST 2020.
    -->
    insert into client
    <trim prefix="(" suffix=")" suffixOverrides=",">
      <if test="clientid != null">
        clientid,
      </if>
      <if test="clientname != null">
        clientname,
      </if>
      <if test="clientpwd != null">
        clientpwd,
      </if>
      <if test="clientemail != null">
        clientemail,
      </if>
      <if test="clientright != null">
        clientright,
      </if>
      <if test="logintime != null">
        logintime,
      </if>
    </trim>
    <trim prefix="values (" suffix=")" suffixOverrides=",">
      <if test="clientid != null">
        #{clientid,jdbcType=INTEGER},
      </if>
      <if test="clientname != null">
        #{clientname,jdbcType=VARCHAR},
      </if>
      <if test="clientpwd != null">
        #{clientpwd,jdbcType=VARCHAR},
      </if>
      <if test="clientemail != null">
        #{clientemail,jdbcType=VARCHAR},
      </if>
      <if test="clientright != null">
        #{clientright,jdbcType=VARCHAR},
      </if>
      <if test="logintime != null">
        #{logintime,jdbcType=VARCHAR},
      </if>
    </trim>
  </insert>
  <select id="countByExample" parameterType="com.springboot.forum.entity.ClientExample" resultType="java.lang.Long">
    <!--
      WARNING - @mbg.generated
      This element is automatically generated by MyBatis Generator, do not modify.
      This element was generated on Thu Sep 24 17:23:48 CST 2020.
    -->
    select count(*) from client
    <if test="_parameter != null">
      <include refid="Example_Where_Clause" />
    </if>
  </select>
  <update id="updateByExampleSelective" parameterType="map">
    <!--
      WARNING - @mbg.generated
      This element is automatically generated by MyBatis Generator, do not modify.
      This element was generated on Thu Sep 24 17:23:48 CST 2020.
    -->
    update client
    <set>
      <if test="record.clientid != null">
        clientid = #{record.clientid,jdbcType=INTEGER},
      </if>
      <if test="record.clientname != null">
        clientname = #{record.clientname,jdbcType=VARCHAR},
      </if>
      <if test="record.clientpwd != null">
        clientpwd = #{record.clientpwd,jdbcType=VARCHAR},
      </if>
      <if test="record.clientemail != null">
        clientemail = #{record.clientemail,jdbcType=VARCHAR},
      </if>
      <if test="record.clientright != null">
        clientright = #{record.clientright,jdbcType=VARCHAR},
      </if>
      <if test="record.logintime != null">
        logintime = #{record.logintime,jdbcType=VARCHAR},
      </if>
    </set>
    <if test="_parameter != null">
      <include refid="Update_By_Example_Where_Clause" />
    </if>
  </update>
  <update id="updateByExample" parameterType="map">
    <!--
      WARNING - @mbg.generated
      This element is automatically generated by MyBatis Generator, do not modify.
      This element was generated on Thu Sep 24 17:23:48 CST 2020.
    -->
    update client
    set clientid = #{record.clientid,jdbcType=INTEGER},
      clientname = #{record.clientname,jdbcType=VARCHAR},
      clientpwd = #{record.clientpwd,jdbcType=VARCHAR},
      clientemail = #{record.clientemail,jdbcType=VARCHAR},
      clientright = #{record.clientright,jdbcType=VARCHAR},
      logintime = #{record.logintime,jdbcType=VARCHAR}
    <if test="_parameter != null">
      <include refid="Update_By_Example_Where_Clause" />
    </if>
  </update>
  <update id="updateByPrimaryKeySelective" parameterType="com.springboot.forum.entity.Client">
    <!--
      WARNING - @mbg.generated
      This element is automatically generated by MyBatis Generator, do not modify.
      This element was generated on Thu Sep 24 17:23:48 CST 2020.
    -->
    update client
    <set>
      <if test="clientname != null">
        clientname = #{clientname,jdbcType=VARCHAR},
      </if>
      <if test="clientpwd != null">
        clientpwd = #{clientpwd,jdbcType=VARCHAR},
      </if>
      <if test="clientemail != null">
        clientemail = #{clientemail,jdbcType=VARCHAR},
      </if>
      <if test="clientright != null">
        clientright = #{clientright,jdbcType=VARCHAR},
      </if>
      <if test="logintime != null">
        logintime = #{logintime,jdbcType=VARCHAR},
      </if>
    </set>
    where clientid = #{clientid,jdbcType=INTEGER}
  </update>
  <update id="updateByPrimaryKey" parameterType="com.springboot.forum.entity.Client">
    <!--
      WARNING - @mbg.generated
      This element is automatically generated by MyBatis Generator, do not modify.
      This element was generated on Thu Sep 24 17:23:48 CST 2020.
    -->
    update client
    set clientname = #{clientname,jdbcType=VARCHAR},
      clientpwd = #{clientpwd,jdbcType=VARCHAR},
      clientemail = #{clientemail,jdbcType=VARCHAR},
      clientright = #{clientright,jdbcType=VARCHAR},
      logintime = #{logintime,jdbcType=VARCHAR}
    where clientid = #{clientid,jdbcType=INTEGER}
  </update>
</mapper>