<?xml version="1.0" encoding="UTF-8"?>
<!DOCTYPE mapper PUBLIC "-//mybatis.org//DTD Mapper 3.0//EN" "http://mybatis.org/dtd/mybatis-3-mapper.dtd">
<mapper namespace="com.springboot.forum.dao.LogintimeMapper">
  <resultMap id="BaseResultMap" type="com.springboot.forum.entity.Logintime">
    <!--
      WARNING - @mbg.generated
      This element is automatically generated by MyBatis Generator, do not modify.
      This element was generated on Thu Sep 24 17:23:48 CST 2020.
    -->
    <id column="timeid" jdbcType="INTEGER" property="timeid" />
    <result column="clientid" jdbcType="INTEGER" property="clientid" />
    <result column="logintime" jdbcType="VARCHAR" property="logintime" />
  </resultMap>
  <sql id="Example_Where_Clause">
    <!--
      WARNING - @mbg.generated
      This element is automatically generated by MyBatis Generator, do not modify.
      This element was generated on Thu Sep 24 17:23:48 CST 2020.
    -->
    <where>
      <foreach collection="oredCriteria" item="criteria" separator="or">
        <if test="criteria.valid">
          <trim prefix="(" prefixOverrides="and" suffix=")">
            <foreach collection="criteria.criteria" item="criterion">
              <choose>
                <when test="criterion.noValue">
                  and ${criterion.condition}
                </when>
                <when test="criterion.singleValue">
                  and ${criterion.condition} #{criterion.value}
                </when>
                <when test="criterion.betweenValue">
                  and ${criterion.condition} #{criterion.value} and #{criterion.secondValue}
                </when>
                <when test="criterion.listValue">
                  and ${criterion.condition}
                  <foreach close=")" collection="criterion.value" item="listItem" open="(" separator=",">
                    #{listItem}
                  </foreach>
                </when>
              </choose>
            </foreach>
          </trim>
        </if>
      </foreach>
    </where>
  </sql>
  <sql id="Update_By_Example_Where_Clause">
    <!--
      WARNING - @mbg.generated
      This element is automatically generated by MyBatis Generator, do not modify.
      This element was generated on Thu Sep 24 17:23:48 CST 2020.
    -->
    <where>
      <foreach collection="example.oredCriteria" item="criteria" separator="or">
        <if test="criteria.valid">
          <trim prefix="(" prefixOverrides="and" suffix=")">
            <foreach collection="criteria.criteria" item="criterion">
              <choose>
                <when test="criterion.noValue">
                  and ${criterion.condition}
                </when>
                <when test="criterion.singleValue">
                  and ${criterion.condition} #{criterion.value}
                </when>
                <when test="criterion.betweenValue">
                  and ${criterion.condition} #{criterion.value} and #{criterion.secondValue}
                </when>
                <when test="criterion.listValue">
                  and ${criterion.condition}
                  <foreach close=")" collection="criterion.value" item="listItem" open="(" separator=",">
                    #{listItem}
                  </foreach>
                </when>
              </choose>
            </foreach>
          </trim>
        </if>
      </foreach>
    </where>
  </sql>
  <sql id="Base_Column_List">
    <!--
      WARNING - @mbg.generated
      This element is automatically generated by MyBatis Generator, do not modify.
      This element was generated on Thu Sep 24 17:23:48 CST 2020.
    -->
    timeid, clientid, logintime
  </sql>
  <select id="selectByExample" parameterType="com.springboot.forum.entity.LogintimeExample" resultMap="BaseResultMap">
    <!--
      WARNING - @mbg.generated
      This element is automatically generated by MyBatis Generator, do not modify.
      This element was generated on Thu Sep 24 17:23:48 CST 2020.
    -->
    select
    <if test="distinct">
      distinct
    </if>
    <include refid="Base_Column_List" />
    from logintime
    <if test="_parameter != null">
      <include refid="Example_Where_Clause" />
    </if>
    <if test="orderByClause != null">
      order by ${orderByClause}
    </if>
  </select>
  <select id="selectByPrimaryKey" parameterType="java.lang.Integer" resultMap="BaseResultMap">
    <!--
      WARNING - @mbg.generated
      This element is automatically generated by MyBatis Generator, do not modify.
      This element was generated on Thu Sep 24 17:23:48 CST 2020.
    -->
    select 
    <include refid="Base_Column_List" />
    from logintime
    where timeid = #{timeid,jdbcType=INTEGER}
  </select>
  <delete id="deleteByPrimaryKey" parameterType="java.lang.Integer">
    <!--
      WARNING - @mbg.generated
      This element is automatically generated by MyBatis Generator, do not modify.
      This element was generated on Thu Sep 24 17:23:48 CST 2020.
    -->
    delete from logintime
    where timeid = #{timeid,jdbcType=INTEGER}
  </delete>
  <delete id="deleteByExample" parameterType="com.springboot.forum.entity.LogintimeExample">
    <!--
      WARNING - @mbg.generated
      This element is automatically generated by MyBatis Generator, do not modify.
      This element was generated on Thu Sep 24 17:23:48 CST 2020.
    -->
    delete from logintime
    <if test="_parameter != null">
      <include refid="Example_Where_Clause" />
    </if>
  </delete>
  <insert id="insert" parameterType="com.springboot.forum.entity.Logintime">
    <!--
      WARNING - @mbg.generated
      This element is automatically generated by MyBatis Generator, do not modify.
      This element was generated on Thu Sep 24 17:23:48 CST 2020.
    -->
    insert into logintime (timeid, clientid, logintime
      )
    values (#{timeid,jdbcType=INTEGER}, #{clientid,jdbcType=INTEGER}, #{logintime,jdbcType=VARCHAR}
      )
  </insert>
  <insert id="insertSelective" parameterType="com.springboot.forum.entity.Logintime">
    <!--
      WARNING - @mbg.generated
      This element is automatically generated by MyBatis Generator, do not modify.
      This element was generated on Thu Sep 24 17:23:48 CST 2020.
    -->
    insert into logintime
    <trim prefix="(" suffix=")" suffixOverrides=",">
      <if test="timeid != null">
        timeid,
      </if>
      <if test="clientid != null">
        clientid,
      </if>
      <if test="logintime != null">
        logintime,
      </if>
    </trim>
    <trim prefix="values (" suffix=")" suffixOverrides=",">
      <if test="timeid != null">
        #{timeid,jdbcType=INTEGER},
      </if>
      <if test="clientid != null">
        #{clientid,jdbcType=INTEGER},
      </if>
      <if test="logintime != null">
        #{logintime,jdbcType=VARCHAR},
      </if>
    </trim>
  </insert>
  <select id="countByExample" parameterType="com.springboot.forum.entity.LogintimeExample" resultType="java.lang.Long">
    <!--
      WARNING - @mbg.generated
      This element is automatically generated by MyBatis Generator, do not modify.
      This element was generated on Thu Sep 24 17:23:48 CST 2020.
    -->
    select count(*) from logintime
    <if test="_parameter != null">
      <include refid="Example_Where_Clause" />
    </if>
  </select>
  <update id="updateByExampleSelective" parameterType="map">
    <!--
      WARNING - @mbg.generated
      This element is automatically generated by MyBatis Generator, do not modify.
      This element was generated on Thu Sep 24 17:23:48 CST 2020.
    -->
    update logintime
    <set>
      <if test="record.timeid != null">
        timeid = #{record.timeid,jdbcType=INTEGER},
      </if>
      <if test="record.clientid != null">
        clientid = #{record.clientid,jdbcType=INTEGER},
      </if>
      <if test="record.logintime != null">
        logintime = #{record.logintime,jdbcType=VARCHAR},
      </if>
    </set>
    <if test="_parameter != null">
      <include refid="Update_By_Example_Where_Clause" />
    </if>
  </update>
  <update id="updateByExample" parameterType="map">
    <!--
      WARNING - @mbg.generated
      This element is automatically generated by MyBatis Generator, do not modify.
      This element was generated on Thu Sep 24 17:23:48 CST 2020.
    -->
    update logintime
    set timeid = #{record.timeid,jdbcType=INTEGER},
      clientid = #{record.clientid,jdbcType=INTEGER},
      logintime = #{record.logintime,jdbcType=VARCHAR}
    <if test="_parameter != null">
      <include refid="Update_By_Example_Where_Clause" />
    </if>
  </update>
  <update id="updateByPrimaryKeySelective" parameterType="com.springboot.forum.entity.Logintime">
    <!--
      WARNING - @mbg.generated
      This element is automatically generated by MyBatis Generator, do not modify.
      This element was generated on Thu Sep 24 17:23:48 CST 2020.
    -->
    update logintime
    <set>
      <if test="clientid != null">
        clientid = #{clientid,jdbcType=INTEGER},
      </if>
      <if test="logintime != null">
        logintime = #{logintime,jdbcType=VARCHAR},
      </if>
    </set>
    where timeid = #{timeid,jdbcType=INTEGER}
  </update>
  <update id="updateByPrimaryKey" parameterType="com.springboot.forum.entity.Logintime">
    <!--
      WARNING - @mbg.generated
      This element is automatically generated by MyBatis Generator, do not modify.
      This element was generated on Thu Sep 24 17:23:48 CST 2020.
    -->
    update logintime
    set clientid = #{clientid,jdbcType=INTEGER},
      logintime = #{logintime,jdbcType=VARCHAR}
    where timeid = #{timeid,jdbcType=INTEGER}
  </update>
</mapper>